{
	"format_version": "1.21.20",
	"minecraft:geometry": [
		{
			"description": {
				"identifier": "geometry.unknown",
				"texture_width": 45,
				"texture_height": 45,
				"visible_bounds_width": 2,
				"visible_bounds_height": 2.5,
				"visible_bounds_offset": [0, 0.75, 0]
			},
			"bones": [
				{
					"name": "block",
					"pivot": [-6, 0, 0],
					"cubes": [
						{
							"origin": [-2.1, 2, -2],
							"size": [6, 2, 7],
							"pivot": [-1.1, 2, 0],
							"rotation": [0, 0, 14],
							"uv": {
								"north": {"uv": [30.51028, 5.6962], "uv_size": [14.48972, 38.73418]},
								"east": {"uv": [28.83703, 8.5443], "uv_size": [16.16297, 23.85285]},
								"south": {"uv": [29.94066, 9.11392], "uv_size": [14.48972, 18.15665]},
								"west": {"uv": [29.97627, 6.83544], "uv_size": [15.02373, 34.67563]},
								"up": {"uv": [45, 38.37816], "uv_size": [-14.48972, -26.41614]},
								"down": {"uv": [45, 35.49446], "uv_size": [-15.62896, -26.98576]}
							}
						},
						{
							"origin": [-5, 0.45, -2],
							"size": [6, 2, 7],
							"uv": {
								"north": {"uv": [30.51028, 5.6962], "uv_size": [14.48972, 38.73418]},
								"east": {"uv": [28.83703, 8.5443], "uv_size": [16.16297, 23.85285]},
								"south": {"uv": [29.94066, 9.11392], "uv_size": [14.48972, 18.15665]},
								"west": {"uv": [29.97627, 6.83544], "uv_size": [15.02373, 34.67563]},
								"up": {"uv": [45, 38.37816], "uv_size": [-14.48972, -26.41614]},
								"down": {"uv": [45, 35.49446], "uv_size": [-15.62896, -26.98576]}
							}
						},
						{
							"origin": [-5.5, -0.25, -0.5],
							"size": [6, 2, 7],
							"uv": {
								"north": {"uv": [30.51028, 5.6962], "uv_size": [14.48972, 38.73418]},
								"east": {"uv": [28.83703, 8.5443], "uv_size": [16.16297, 23.85285]},
								"south": {"uv": [29.94066, 9.11392], "uv_size": [14.48972, 18.15665]},
								"west": {"uv": [29.97627, 6.83544], "uv_size": [15.02373, 34.67563]},
								"up": {"uv": [45, 38.37816], "uv_size": [-14.48972, -26.41614]},
								"down": {"uv": [45, 35.49446], "uv_size": [-15.62896, -26.98576]}
							}
						},
						{
							"origin": [-0.1, -0.4, -2],
							"size": [6, 2, 7],
							"uv": {
								"north": {"uv": [30.51028, 5.6962], "uv_size": [14.48972, 38.73418]},
								"east": {"uv": [28.83703, 8.5443], "uv_size": [16.16297, 23.85285]},
								"south": {"uv": [29.94066, 9.11392], "uv_size": [14.48972, 18.15665]},
								"west": {"uv": [29.97627, 6.83544], "uv_size": [15.02373, 34.67563]},
								"up": {"uv": [45, 38.37816], "uv_size": [-14.48972, -26.41614]},
								"down": {"uv": [45, 35.49446], "uv_size": [-15.62896, -26.98576]}
							}
						},
						{
							"origin": [1, 0, -5],
							"size": [6, 2, 7],
							"uv": {
								"north": {"uv": [30.51028, 5.6962], "uv_size": [14.48972, 38.73418]},
								"east": {"uv": [28.83703, 8.5443], "uv_size": [16.16297, 23.85285]},
								"south": {"uv": [29.94066, 9.11392], "uv_size": [14.48972, 18.15665]},
								"west": {"uv": [29.97627, 6.83544], "uv_size": [15.02373, 34.67563]},
								"up": {"uv": [45, 38.37816], "uv_size": [-14.48972, -26.41614]},
								"down": {"uv": [45, 35.49446], "uv_size": [-15.62896, -26.98576]}
							}
						},
						{
							"origin": [-6, 0, -5],
							"size": [6, 2, 7],
							"uv": {
								"north": {"uv": [30.51028, 5.6962], "uv_size": [14.48972, 38.73418]},
								"east": {"uv": [28.83703, 8.5443], "uv_size": [16.16297, 23.85285]},
								"south": {"uv": [29.94066, 9.11392], "uv_size": [14.48972, 18.15665]},
								"west": {"uv": [29.97627, 6.83544], "uv_size": [15.02373, 34.67563]},
								"up": {"uv": [45, 38.37816], "uv_size": [-14.48972, -26.41614]},
								"down": {"uv": [45, 35.49446], "uv_size": [-15.62896, -26.98576]}
							}
						},
						{
							"origin": [-2, -0.25, -7],
							"size": [6, 2, 7],
							"uv": {
								"north": {"uv": [30.51028, 5.6962], "uv_size": [14.48972, 38.73418]},
								"east": {"uv": [28.83703, 8.5443], "uv_size": [16.16297, 23.85285]},
								"south": {"uv": [29.94066, 9.11392], "uv_size": [14.48972, 18.15665]},
								"west": {"uv": [29.97627, 6.83544], "uv_size": [15.02373, 34.67563]},
								"up": {"uv": [45, 38.37816], "uv_size": [-14.48972, -26.41614]},
								"down": {"uv": [45, 35.49446], "uv_size": [-15.62896, -26.98576]}
							}
						}
					]
				},
				{
					"name": "cosmic_katana",
					"pivot": [1.75, 12.75, 0],
					"rotation": [0, 0, -172.5],
					"cubes": [
						{
							"origin": [2.00633, 9.40506, 0],
							"size": [0.20253, 15.39241, 0.20253],
							"uv": {
								"north": {"uv": [21.07595, 0.56962], "uv_size": [-0.56962, 43.29115]},
								"east": {"uv": [20.50633, 0.56962], "uv_size": [0.56962, 43.29115]},
								"south": {"uv": [20.50633, 0.56962], "uv_size": [0.56962, 43.29115]},
								"west": {"uv": [20.50633, 0.56962], "uv_size": [0.56962, 43.29115]},
								"up": {"uv": [21.07595, 1.13923], "uv_size": [-0.56962, -0.56962]},
								"down": {"uv": [21.07595, 43.86077], "uv_size": [-0.56962, -0.56962]}
							}
						},
						{
							"origin": [1.8038, 9.20253, 0],
							"size": [0.20253, 15.39241, 0.20253],
							"uv": {
								"north": {"uv": [21.64556, 1.13923], "uv_size": [-0.56962, 43.29115]},
								"east": {"uv": [21.07595, 1.13923], "uv_size": [0.56962, 43.29115]},
								"south": {"uv": [21.07595, 1.13923], "uv_size": [0.56962, 43.29115]},
								"west": {"uv": [21.07595, 1.13923], "uv_size": [0.56962, 43.29115]},
								"up": {"uv": [21.64556, 1.70885], "uv_size": [-0.56962, -0.56962]},
								"down": {"uv": [21.64556, 44.43038], "uv_size": [-0.56962, -0.56962]}
							}
						},
						{
							"origin": [1.60127, 9.20253, 0],
							"size": [0.20253, 15.18988, 0.20253],
							"uv": {
								"north": {"uv": [22.21518, 1.70885], "uv_size": [-0.56962, 42.72154]},
								"east": {"uv": [21.64556, 1.70885], "uv_size": [0.56962, 42.72154]},
								"south": {"uv": [21.64556, 1.70885], "uv_size": [0.56962, 42.72154]},
								"west": {"uv": [21.64556, 1.70885], "uv_size": [0.56962, 42.72154]},
								"up": {"uv": [22.21518, 2.27849], "uv_size": [-0.56962, -0.56964]},
								"down": {"uv": [22.21518, 44.43038], "uv_size": [-0.56962, -0.56962]}
							}
						},
						{
							"origin": [1.39873, 9.20253, 0],
							"size": [0.20254, 14.98734, 0.20253],
							"uv": {
								"north": {"uv": [22.78482, 2.27849], "uv_size": [-0.56964, 42.15189]},
								"east": {"uv": [22.21518, 2.27849], "uv_size": [0.56964, 42.15189]},
								"south": {"uv": [22.21518, 2.27849], "uv_size": [0.56964, 42.15189]},
								"west": {"uv": [22.21518, 2.27849], "uv_size": [0.56964, 42.15189]},
								"up": {"uv": [22.78482, 2.84811], "uv_size": [-0.56964, -0.56962]},
								"down": {"uv": [22.78482, 44.43038], "uv_size": [-0.56964, -0.56962]}
							}
						},
						{
							"origin": [1.1962, 9.40506, 0],
							"size": [0.20253, 14.58228, 0.20253],
							"uv": {
								"north": {"uv": [23.35444, 2.84811], "uv_size": [-0.56962, 41.01266]},
								"east": {"uv": [22.78482, 2.84811], "uv_size": [0.56962, 41.01266]},
								"south": {"uv": [22.78482, 2.84811], "uv_size": [0.56962, 41.01266]},
								"west": {"uv": [22.78482, 2.84811], "uv_size": [0.56962, 41.01266]},
								"up": {"uv": [23.35444, 3.41772], "uv_size": [-0.56962, -0.56962]},
								"down": {"uv": [23.35444, 43.86077], "uv_size": [-0.56962, -0.56962]}
							}
						},
						{
							"origin": [2.20886, 13.4557, 0],
							"size": [0.6076, 0.20253, 0.20253],
							"uv": {
								"north": {"uv": [20.50633, 31.89873], "uv_size": [-1.70888, 0.56962]},
								"east": {"uv": [19.93672, 31.89873], "uv_size": [0.56962, 0.56962]},
								"south": {"uv": [18.79746, 31.89873], "uv_size": [1.70888, 0.56962]},
								"west": {"uv": [18.79746, 31.89873], "uv_size": [0.56964, 0.56962]},
								"up": {"uv": [20.50633, 32.46834], "uv_size": [-1.70888, -0.56962]},
								"down": {"uv": [20.50633, 32.46834],