{
	"format_version": "1.12.0",
	"minecraft:geometry": [
		{
			"description": {
				"identifier": "geometry.unknown",
				"texture_width": 16,
				"texture_height": 16,
				"visible_bounds_width": 3,
				"visible_bounds_height": 2.5,
				"visible_bounds_offset": [0, 0.75, 0]
			},
			"bones": [
				{
					"name": "cosmic_katana",
					"pivot": [-0.25, 3.75, 0],
					"cubes": [
						{
							"origin": [0.00633, 0.40506, 0],
							"size": [0.20253, 15.39241, 0.20253],
							"uv": {
								"north": {"uv": [7.49367, 0.20253], "uv_size": [-0.20253, 15.39241]},
								"east": {"uv": [7.29114, 0.20253], "uv_size": [0.20253, 15.39241]},
								"south": {"uv": [7.29114, 0.20253], "uv_size": [0.20253, 15.39241]},
								"west": {"uv": [7.29114, 0.20253], "uv_size": [0.20253, 15.39241]},
								"up": {"uv": [7.49367, 0.40506], "uv_size": [-0.20253, -0.20253]},
								"down": {"uv": [7.49367, 15.59494], "uv_size": [-0.20253, -0.20253]}
							}
						},
						{
							"origin": [-0.1962, 0.20253, 0],
							"size": [0.20253, 15.39241, 0.20253],
							"uv": {
								"north": {"uv": [7.6962, 0.40506], "uv_size": [-0.20253, 15.39241]},
								"east": {"uv": [7.49367, 0.40506], "uv_size": [0.20253, 15.39241]},
								"south": {"uv": [7.49367, 0.40506], "uv_size": [0.20253, 15.39241]},
								"west": {"uv": [7.49367, 0.40506], "uv_size": [0.20253, 15.39241]},
								"up": {"uv": [7.6962, 0.60759], "uv_size": [-0.20253, -0.20253]},
								"down": {"uv": [7.6962, 15.79747], "uv_size": [-0.20253, -0.20253]}
							}
						},
						{
							"origin": [-0.39873, 0.20253, 0],
							"size": [0.20253, 15.18987, 0.20253],
							"uv": {
								"north": {"uv": [7.89873, 0.60759], "uv_size": [-0.20253, 15.18987]},
								"east": {"uv": [7.6962, 0.60759], "uv_size": [0.20253, 15.18987]},
								"south": {"uv": [7.6962, 0.60759], "uv_size": [0.20253, 15.18987]},
								"west": {"uv": [7.6962, 0.60759], "uv_size": [0.20253, 15.18987]},
								"up": {"uv": [7.89873, 0.81013], "uv_size": [-0.20253, -0.20253]},
								"down": {"uv": [7.89873, 15.79747], "uv_size": [-0.20253, -0.20253]}
							}
						},
						{
							"origin": [-0.60127, 0.20253, 0],
							"size": [0.20253, 14.98734, 0.20253],
							"uv": {
								"north": {"uv": [8.10127, 0.81013], "uv_size": [-0.20253, 14.98734]},
								"east": {"uv": [7.89873, 0.81013], "uv_size": [0.20253, 14.98734]},
								"south": {"uv": [7.89873, 0.81013], "uv_size": [0.20253, 14.98734]},
								"west": {"uv": [7.89873, 0.81013], "uv_size": [0.20253, 14.98734]},
								"up": {"uv": [8.10127, 1.01266], "uv_size": [-0.20253, -0.20253]},
								"down": {"uv": [8.10127, 15.79747], "uv_size": [-0.20253, -0.20253]}
							}
						},
						{
							"origin": [-0.8038, 0.40506, 0],
							"size": [0.20253, 14.58228, 0.20253],
							"uv": {
								"north": {"uv": [8.3038, 1.01266], "uv_size": [-0.20253, 14.58228]},
								"east": {"uv": [8.10127, 1.01266], "uv_size": [0.20253, 14.58228]},
								"south": {"uv": [8.10127, 1.01266], "uv_size": [0.20253, 14.58228]},
								"west": {"uv": [8.10127, 1.01266], "uv_size": [0.20253, 14.58228]},
								"up": {"uv": [8.3038, 1.21519], "uv_size": [-0.20253, -0.20253]},
								"down": {"uv": [8.3038, 15.59494], "uv_size": [-0.20253, -0.20253]}
							}
						},
						{
							"origin": [0.20886, 4.4557, 0],
							"size": [0.60759, 0.20253, 0.20253],
							"uv": {
								"north": {"uv": [7.29114, 11.34177], "uv_size": [-0.60759, 0.20253]},
								"east": {"uv": [7.08861, 11.34177], "uv_size": [0.20253, 0.20253]},
								"south": {"uv": [6.68354, 11.34177], "uv_size": [0.60759, 0.20253]},
								"west": {"uv": [6.68354, 11.34177], "uv_size": [0.20253, 0.20253]},
								"up": {"uv": [7.29114, 11.5443], "uv_size": [-0.60759, -0.20253]},
								"down": {"uv": [7.29114, 11.5443], "uv_size": [-0.60759, -0.20253]}
							}
						},
						{
							"origin": [-1.20886, 4.25316, 0],
							"size": [0.40506, 0.40506, 0.20253],
							"uv": {
								"north": {"uv": [8.70886, 11.34177], "uv_size": [-0.40506, 0.40506]},
								"east": {"uv": [8.50633, 11.34177], "uv_size": [0.20253, 0.40506]},
								"south": {"uv": [8.3038, 11.34177], "uv_size": [0.40506, 0.40506]},
								"west": {"uv": [8.3038, 11.34177], "uv_size": [0.20253, 0.40506]},
								"up": {"uv": [8.70886, 11.5443], "uv_size": [-0.40506, -0.20253]},
								"down": {"uv": [8.70886, 11.74684], "uv_size": [-0.40506, -0.20253]}
							}
						},
						{
							"origin": [-1.41139, 4.4557, 0],
							"size": [0.20253, 0.20253, 0.20253],
							"uv": {
								"north": {"uv": [8.91139, 11.34177], "uv_size": [-0.20253, 0.20253]},
								"east": {"uv": [8.70886, 11.34177], "uv_size": [0.20253, 0.20253]},
								"south": {"uv": [8.70886, 11.34177], "uv_size": [0.20253, 0.20253]},
								"west": {"uv": [8.70886, 11.34177], "uv_size": [0.20253, 0.20253]},
								"up": {"uv": [8.91139, 11.5443], "uv_size": [-0.20253, -0.20253]},
								"down": {"uv": [8.91139, 11.5443], "uv_size": [-0.20253, -0.20253]}
							}
						},
						{
							"origin": [0.20886, 4.25316, 0],
							"size": [0.40506, 0.20253, 0.20253],
							"uv": {
								"north": {"uv": [7.29114, 11.5443], "uv_size": [-0.40506, 0.20253]},
								"east": {"uv": [7.08861, 11.5443], "uv_size": [0.20253, 0.20253]},
								"south": {"uv": [6.88608, 11.5443], "uv_size": [0.40506, 0.20253]},
								"west": {"uv": [6.88608, 11.5443], "uv_size": [0.20253, 0.20253]},
								"up": {"uv": [7.29114, 11.74684], "uv_size": [-0.40506, -0.20253]},
								"down": {"uv": [7.29114, 11.74684], "uv_size": [-0.40506, -0.20253]}
							}
						},
						{
							"origin": [0.20886, 3.44304, 0],
							"size": [0.20253, 0.81013, 0.20253],
							"uv": {
								"north": {"uv": [7.29114, 11.74684], "uv_size": [-0.20253, 0.81013]},
								"east": {"uv": [7.08861, 11.74684], "uv_size": [0.20253, 0.81013]},
								"south": {"uv": [7.08861, 11.74684], "uv_size": [0.20253, 0.81013]},
								"west": {"uv": [7.08861, 11.74684], "uv_size": [0.20253, 0.81013]},
								"up": {"uv": [7.29114, 11.94937], "uv_size": [-0.20253, -0.20253]},
								"down": {"uv": [7.29114, 12.55696], "uv_size": [-0.20253, -0.20253]}
							}
						},
						{
							"origin": [-1.00633, 3.44304, 0],
							"size": [0.20253, 0.81013, 0.20253],
							"uv": {
								"north": {"uv": [8.50633, 11.74684], "uv_size": [-0.20253, 0.81013]},
								"east": {"uv": [8.3038, 11.74684], "uv_size": [0.20253, 0.81013]},
								"south": {"uv": [8.3038, 11.74684], "uv_size": [0.20253, 0.81013]},
								"west": {"uv": [8.3038, 11.74684], "uv_size": [0.20253, 0.81013]},
								"up": {"uv": [8.50633, 11.94937], "uv_size": [-0.20253, -0.20253]},
								"down": {"uv": [8.50633, 12.55696], "uv_size": [-0.20253, -0.20253]}
							}
						},
						{
							"origin": [0.41139, 3.44304, 0],
							"size": [0.20253, 0.60759, 0.20253],
							"uv": {
								"north": {"uv": [7.08861, 11.94937], "uv_size": [-0.20253, 0.60759]},
								"east": {"uv": [6.88608, 11.94937], "uv_size": [0.20253, 0.60759]},
								"south": {"uv": [6.88608, 11.94937], "uv_size": [0.20253, 0.60759]},
								"west": {"uv": [6.88608, 11.94937], "uv_size": [0.20253, 0.60759]},
								"up": {"uv": [7.08861, 12.1519], "uv_size": [-0.20253, -0.20253]},
								"down": {"uv": [7.08861, 12.55696], "uv_size": [-0.20253, -0.20253]}
							}
						},
						{
							"origin": [-1.20886, 3.44304, 0],
							"size": [0.20253, 0.60759, 0.20253],
							"uv": {
								"north": {"uv": [8.70886, 11.94937], "uv_size": [-0.20253, 0.60759]},
								"east": {"uv": [8.50633, 11.94937], "uv_size": [0.20253, 0.60759]},
								"south": {"uv": [8.50633, 11.94937], "uv_size": [0.20253, 0.60759]},
								"west": {"uv": [8.50633, 11.94937], "uv_size": [0.20253, 0.60759]},
								"up": {"uv": [8.70886, 12.1519], "uv_size": [-0.20253, -0.20253]},
								"down": {"uv": [8.70886, 12.55696],