{
	"format_version": "1.12.0",
	"minecraft:geometry": [
		{
			"description": {
				"identifier": "geometry.star_ride",
				"texture_width": 16,
				"texture_height": 16,
				"visible_bounds_width": 5,
				"visible_bounds_height": 1.5,
				"visible_bounds_offset": [0, 0.25, 0]
			},
			"bones": [
				{
					"name": "pngegg",
					"pivot": [0, 0, 0],
					"cubes": [
						{
							"origin": [-7, -27, 12.05],
							"size": [6, 40, 4.95],
							"pivot": [26, 2, 16],
							"rotation": [-90, 0, 0],
							"uv": {
								"north": {"uv": [9.10345, 1.45455], "uv_size": [-1.65517, 11.63636]},
								"east": {"uv": [8.82759, 1.45455], "uv_size": [0.27586, 11.63636]},
								"south": {"uv": [7.44828, 1.45455], "uv_size": [1.65517, 11.63636]},
								"west": {"uv": [7.44828, 1.45455], "uv_size": [0.27586, 11.63636]},
								"up": {"uv": [9.10345, 1.74545], "uv_size": [-1.65517, -0.29091]},
								"down": {"uv": [9.10345, 13.09091], "uv_size": [-1.65517, -0.29091]}
							}
						},
						{
							"origin": [-1, -30, 12.05],
							"size": [3, 40, 4.95],
							"pivot": [26, 2, 16],
							"rotation": [-90, 0, 0],
							"uv": {
								"north": {"uv": [7.44828, 2.32727], "uv_size": [-0.82759, 11.63636]},
								"east": {"uv": [7.17241, 2.32727], "uv_size": [0.27586, 11.63636]},
								"south": {"uv": [6.62069, 2.32727], "uv_size": [0.82759, 11.63636]},
								"west": {"uv": [6.62069, 2.32727], "uv_size": [0.27586, 11.63636]},
								"up": {"uv": [7.44828, 2.61818], "uv_size": [-0.82759, -0.29091]},
								"down": {"uv": [7.44828, 13.96364], "uv_size": [-0.82759, -0.29091]}
							}
						},
						{
							"origin": [-10, -30, 12.05],
							"size": [3, 40, 4.95],
							"pivot": [26, 2, 16],
							"rotation": [-90, 0, 0],
							"uv": {
								"north": {"uv": [9.93103, 2.32727], "uv_size": [-0.82759, 11.63636]},
								"east": {"uv": [9.65517, 2.32727], "uv_size": [0.27586, 11.63636]},
								"south": {"uv": [9.10345, 2.32727], "uv_size": [0.82759, 11.63636]},
								"west": {"uv": [9.10345, 2.32727], "uv_size": [0.27586, 11.63636]},
								"up": {"uv": [9.93103, 2.61818], "uv_size": [-0.82759, -0.29091]},
								"down": {"uv": [9.93103, 13.96364], "uv_size": [-0.82759, -0.29091]}
							}
						},
						{
							"origin": [2, -33, 12.425],
							"size": [4, 37, 4.575],
							"pivot": [26, 2, 16],
							"rotation": [-90, 0, 0],
							"uv": {
								"north": {"uv": [6.62069, 4.07273], "uv_size": [-1.10345, 10.76364]},
								"east": {"uv": [6.34483, 4.07273], "uv_size": [0.27586, 10.76364]},
								"south": {"uv": [5.51724, 4.07273], "uv_size": [1.10345, 10.76364]},
								"west": {"uv": [5.51724, 4.07273], "uv_size": [0.27586, 10.76364]},
								"up": {"uv": [6.62069, 4.36364], "uv_size": [-1.10345, -0.29091]},
								"down": {"uv": [6.62069, 14.83636], "uv_size": [-1.10345, -0.29091]}
							}
						},
						{
							"origin": [-13, -33, 12.425],
							"size": [3, 37, 4.575],
							"pivot": [26, 2, 16],
							"rotation": [-90, 0, 0],
							"uv": {
								"north": {"uv": [10.75862, 4.07273], "uv_size": [-0.82759, 10.76364]},
								"east": {"uv": [10.48276, 4.07273], "uv_size": [0.27586, 10.76364]},
								"south": {"uv": [9.93103, 4.07273], "uv_size": [0.82759, 10.76364]},
								"west": {"uv": [9.93103, 4.07273], "uv_size": [0.27586, 10.76364]},
								"up": {"uv": [10.75862, 4.36364], "uv_size": [-0.82759, -0.29091]},
								"down": {"uv": [10.75862, 14.83636], "uv_size": [-0.82759, -0.29091]}
							}
						},
						{
							"origin": [6, -33, 13.05],
							"size": [6, 34, 3.95],
							"pivot": [26, 2, 16],
							"rotation": [-90, 0, 0],
							"uv": {
								"north": {"uv": [5.51724, 4.94545], "uv_size": [-1.65517, 9.89091]},
								"east": {"uv": [5.24138, 4.94545], "uv_size": [0.27586, 9.89091]},
								"south": {"uv": [3.86207, 4.94545], "uv_size": [1.65517, 9.89091]},
								"west": {"uv": [3.86207, 4.94545], "uv_size": [0.27586, 9.89091]},
								"up": {"uv": [5.51724, 5.23636], "uv_size": [-1.65517, -0.29091]},
								"down": {"uv": [5.51724, 14.83636], "uv_size": [-1.65517, -0.29091]}
							}
						},
						{
							"origin": [-19, -33, 13.05],
							"size": [6, 34, 3.95],
							"pivot": [26, 2, 16],
							"rotation": [-90, 0, 0],
							"uv": {
								"north": {"uv": [12.41379, 4.94545], "uv_size": [-1.65517, 9.89091]},
								"east": {"uv": [12.13793, 4.94545], "uv_size": [0.27586, 9.89091]},
								"south": {"uv": [10.75862, 4.94545], "uv_size": [1.65517, 9.89091]},
								"west": {"uv": [10.75862, 4.94545], "uv_size": [0.27586, 9.89091]},
								"up": {"uv": [12.41379, 5.23636], "uv_size": [-1.65517, -0.29091]},
								"down": {"uv": [12.41379, 14.83636], "uv_size": [-1.65517, -0.29091]}
							}
						},
						{
							"origin": [12, -9, 14],
							"size": [9, 7, 3],
							"pivot": [26, 2, 16],
							"rotation": [-90, 0, 0],
							"uv": {
								"north": {"uv": [3.86207, 5.81818], "uv_size": [-2.48276, 2.03636]},
								"east": {"uv": [3.58621, 5.81818], "uv_size": [0.27586, 2.03636]},
								"south": {"uv": [1.37931, 5.81818], "uv_size": [2.48276, 2.03636]},
								"west": {"uv": [1.37931, 5.81818], "uv_size": [0.27586, 2.03636]},
								"up": {"uv": [3.86207, 6.10909], "uv_size": [-2.48276, -0.29091]},
								"down": {"uv": [3.86207, 7.85455], "uv_size": [-2.48276, -0.29091]}
							}
						},
						{
							"origin": [-29, -9, 14],
							"size": [10, 7, 3],
							"pivot": [26, 2, 16],
							"rotation": [-90, 0, 0],
							"uv": {
								"north": {"uv": [15.17241, 5.81818], "uv_size": [-2.75862, 2.03636]},
								"east": {"uv": [14.89655, 5.81818], "uv_size": [0.27586, 2.03636]},
								"south": {"uv": [12.41379, 5.81818], "uv_size": [2.75862, 2.03636]},
								"west": {"uv": [12.41379, 5.81818], "uv_size": [0.27586, 2.03636]},
								"up": {"uv": [15.17241, 6.10909], "uv_size": [-2.75862, -0.29091]},
								"down": {"uv": [15.17241, 7.85455], "uv_size": [-2.75862, -0.29091]}
							}
						},
						{
							"origin": [12, -12, 14],
							"size": [6, 3, 3],
							"pivot": [26, 2, 16],
							"rotation": [-90, 0, 0],
							"uv": {
								"north": {"uv": [3.86207, 7.85455], "uv_size": [-1.65517, 0.87273]},
								"east": {"uv": [3.58621, 7.85455], "uv_size": [0.27586, 0.87273]},
								"south": {"uv": [2.2069, 7.85455], "uv_size": [1.65517, 0.87273]},
								"west": {"uv": [2.2069, 7.85455], "uv_size": [0.27586, 0.87273]},
								"up": {"uv": [3.86207, 8.14545], "uv_size": [-1.65517, -0.29091]},
								"down": {"uv": [3.86207, 8.72727], "uv_size": [-1.65517, -0.29091]}
							}
						},
						{
							"origin": [-25, -12, 14],
							"size": [6, 3, 3],
							"pivot": [26, 2, 16],
							"rotation": [-90, 0, 0],
							"uv": {
								"north": {"uv": [14.06897, 7.85455], "uv_size": [-1.65517, 0.87273]},
								"east": {"uv": [13.7931, 7.85455], "uv_size": [0.27586, 0.87273]},
								"south": {"uv": [12.41379, 7.85455], "uv_size": [1.65517, 0.87273]},
								"west": {"uv": [12.41379, 7.85455], "uv_size": [0.27586, 0.87273]},
								"up": {"uv": [14.06897, 8.14545], "uv_size": [-1.65517, -0.29091]},
								"down": {"uv": [14.06897, 8.72727], "uv_size": [-1.65517, -0.29091]}
							}
						},
						{
							"origin": [12, -15, 14],
							"size": [3, 3, 3],
							"pivot": [26, 2, 16],
							"rotation": [-90, 0, 0],
							"uv": {
								"north": {"uv": [3.86207, 8.72727], "uv_size": [-0.82759, 0.87273]},
								"east": {"uv": [3.58621, 8.72727], "uv_size": [0.27586, 0.87273]},
								"south": {"uv": [3.03448, 8.72727], "uv_size": [0.82759, 0.87273]},
								"west": {"uv": [3.03448, 8.72727], "uv_size": [0.27586, 0.87273]},
								"up": {"uv": [3.86207, 9.01818], "uv_size": [-0.82759, -0.29091]},
								"down": {"uv": [3.86207, 9.6], "uv_size": [-0.82759, -0.29091]}
							}
						},
						{
							"origin": [-22, -15, 14],
							"size": [3, 3, 3],
							"pivot": [26, 2, 16],
							"rotation": [-90, 0, 0],