{
  "credit": "Made with Blockbench",
  "parent": "builtin/entity",
  "texture_size": [
    32,
    32
  ],
  "display": {
    "thirdperson_righthand": {
      "rotation": [
        132.13,
        -89.03,
        -137.85
      ],
      "translation": [
        -1,
        -2.5,
        10
      ],
      "scale": [
        1.33328125,
        1.33328125,
        1.33328125
      ]
    },
    "thirdperson_lefthand": {
      "rotation": [
        132.1300000000001,
        -89.0300000000002,
        -137.8499999999999
      ],
      "translation": [
        -1,
        -1.25,
        10
      ],
      "scale": [
        1.33328125,
        1.33328125,
        1.33328125
      ]
    },
    "firstperson_righthand": {
      "rotation": [
        110,
        -8,
        -180
      ],
      "translation": [
        0.75,
        -4.25,
        9
      ],
      "scale": [
        1.34,
        1.36,
        1.36
      ]
    },
    "firstperson_lefthand": {
      "rotation": [
        110,
        -8,
        -180
      ],
      "translation": [
        0.75,
        -4.25,
        9
      ],
      "scale": [
        1.34,
        1.36,
        1.36
      ]
    },
    "ground": {
      "translation": [
        0,
        -2.5,
        0
      ]
    },
    "gui": {
      "rotation": [
        -180,
        0,
        -180
      ],
      "translation": [
        0,
        -8.5,
        1.25
      ],
      "scale": [
        1.45,
        1.45,
        1.45
      ]
    },
    "fixed": {
      "translation": [
        0,
        -7.75,
        1.25
      ],
      "scale": [
        1.45,
        1.45,
        1.45
      ]
    }
  },
  "textures": {
    "particle": "odd:item/mechanical_fist"
  }
}