{
  "credit": "Made with Blockbench",
  "parent": "builtin/entity",
  "texture_size": [
    64,
    64
  ],
  "display": {
    "thirdperson_righthand": {
      "rotation": [
        0.5,
        0,
        0
      ],
      "translation": [
        0,
        -2.75,
        1.5
      ],
      "scale": [
        0.35,
        0.35,
        0.35
      ]
    },
    "thirdperson_lefthand": {
      "rotation": [
        12.75,
        0,
        0
      ],
      "translation": [
        0,
        -2,
        0.75
      ],
      "scale": [
        0.35,
        0.35,
        0.35
      ]
    },
    "firstperson_righthand": {
      "rotation": [
        1.849999999999909,
        3.0599999999999454,
        -1.5199999999999818
      ],
      "translation": [
        -3.5,
        -0.25,
        1.75
      ],
      "scale": [
        0.4,
        0.4,
        0.4
      ]
    },
    "firstperson_lefthand": {
      "rotation": [
        1.849999999999909,
        3.0599999999999454,
        -1.5199999999999818
      ],
      "translation": [
        -3.5,
        -0.25,
        1.75
      ],
      "scale": [
        0.4,
        0.4,
        0.4
      ]
    },
    "ground": {
      "scale": [
        0.4,
        0.4,
        0.4
      ]
    },
    "gui": {
      "rotation": [
        0,
        -88.75,
        0
      ],
      "translation": [
        -3,
        -5.5,
        0
      ],
      "scale": [
        0.45,
        0.44,
        0.44
      ]
    },
    "fixed": {
      "rotation": [
        0,
        -88.75,
        0
      ],
      "translation": [
        -3,
        -5.5,
        0
      ],
      "scale": [
        0.5,
        0.5,
        0.5
      ]
    }
  },
  "textures": {
    "particle": "odd:item/outer_blaster"
  }
}