{
  "credit": "Made with Blockbench",
  "parent": "builtin/entity",
  "texture_size": [
    32,
    32
  ],
  "display": {
    "thirdperson_righthand": {
      "rotation": [
        -152,
        -86.96000000000004,
        -171.19999999999982
      ],
      "translation": [
        -1,
        -12.75,
        0.75
      ],
      "scale": [
        1.81,
        1.81,
        1.81
      ]
    },
    "firstperson_righthand": {
      "rotation": [
        -20.039999999999964,
        -12,
        -59
      ],
      "translation": [
        -17,
        -14,
        -2.5
      ],
      "scale": [
        1.5,
        1.5,
        1.5
      ]
    },
    "ground": {
      "translation": [
        0,
        -6,
        0
      ],
      "scale": [
        1.83,
        1.83,
        1.83
      ]
    },
    "gui": {
      "rotation": [
        0,
        0,
        -43.25
      ],
      "translation": [
        -5.5,
        -7.75,
        0
      ],
      "scale": [
        0.59,
        0.59,
        0.59
      ]
    },
    "fixed": {
      "rotation": [
        -3.769999999999982,
        -0.6399999999998727,
        35.15000000000009
      ],
      "translation": [
        7.75,
        -7.25,
        1
      ],
      "scale": [
        0.66,
        0.66,
        0.66
      ]
    },
    "on_shelf": {
      "translation": [
        0,
        -4,
        0
      ]
    }
  },
  "textures": {
    "particle": "odd:item/winter_scythe"
  }
}